{
  "session_id": "TF-TIMELINE-ALPHA",
  "start_time": "2025-05-03T11:57:13.267241",
  "events": [
    {
      "id": "evt1",
      "type": "comp_drop",
      "timestamp": "2025-05-03T11:57:18.267241",
      "label": "Dropped Comp 1: 123 Maple Ln",
      "confidence_shift": "+12.2%",
      "details": {
        "reason": "GLA match, good proximity",
        "shap_impact": {
          "GLA": 8800,
          "Location": 3400,
          "Condition": -1000
        }
      }
    },
    {
      "id": "evt2",
      "type": "adjustment_override",
      "timestamp": "2025-05-03T11:57:33.267241",
      "label": "Adjusted Lot Size",
      "confidence_shift": "-1.5%",
      "details": {
        "ai_value": 3200,
        "user_value": 2800,
        "feature": "Lot Size",
        "rationale": "Lot shape is irregular"
      }
    },
    {
      "id": "evt3",
      "type": "voice_note",
      "timestamp": "2025-05-03T11:57:48.267241",
      "label": "Voice: Kitchen Upgraded",
      "details": {
        "transcribed": "Kitchen has upgrades, bathroom needs work.",
        "narrative": "The kitchen reflects partial updates while the bathroom requires minor renovations.",
        "accepted": true
      }
    },
    {
      "id": "evt4",
      "type": "cv_photo_score",
      "timestamp": "2025-05-03T11:58:03.267241",
      "label": "Photo Scored: Condition C3",
      "details": {
        "file_name": "photo_042.jpg",
        "tags": [
          "tile_floor",
          "modern_sink",
          "no_damage"
        ],
        "ai_score": "C3",
        "confidence": 0.91
      }
    }
  ],
  "final_confidence": "91.7%",
  "end_time": "2025-05-03T11:58:13.267241"
}