{
  "session_id": "TF-2025-AX9K",
  "user": "appraiser_42",
  "start_time": "2025-05-03T11:54:13.293960",
  "events": [
    {
      "timestamp": "2025-05-03T11:54:13.293969",
      "type": "comp_drop",
      "comp": "123 Maple Ln",
      "reason": "GLA match, good proximity",
      "confidence_shift": "+12.2%",
      "ai_suggested": true
    },
    {
      "timestamp": "2025-05-03T11:54:13.293971",
      "type": "adjustment_override",
      "feature": "Lot Size",
      "ai_value": 3200,
      "user_value": 2800,
      "delta": -400,
      "rationale": "Lot is oddly shaped",
      "confidence_shift": "-1.5%"
    },
    {
      "timestamp": "2025-05-03T11:54:13.293973",
      "type": "voice_note",
      "raw_text": "Kitchen has partial upgrades, roof looks new.",
      "drafted_narrative": "The kitchen reflects partial upgrades, while the roof is in superior condition.",
      "accepted": true
    },
    {
      "timestamp": "2025-05-03T11:54:13.293975",
      "type": "cv_photo_score",
      "file_name": "photo_001.jpg",
      "condition_score": "C3",
      "tags_detected": [
        "updated_kitchen",
        "average_exterior"
      ],
      "user_agreed": true
    }
  ],
  "end_time": "2025-05-03T11:54:13.293977",
  "final_confidence": "91.7%",
  "model_version": "v3.2"
}