{
  "timestamp": "2025-05-03T11:56:01.766654",
  "user": "appraiser_42",
  "raw_voice_input": "Kitchen has upgrades, but the bathroom needs work. Roof looks good.",
  "transcription_confidence": 0.96,
  "parsed_tags": [
    "partial_kitchen_upgrade",
    "bathroom_minor_deficiency",
    "roof_condition_superior"
  ],
  "generated_narrative": "The subject\u2019s kitchen reflects partial updates while the bathroom requires minor renovations. The roof is in superior condition.",
  "editable": true,
  "accepted": true
}